FREQ;Frequency;INSTRUMENT_TYPE;Instrument Type;TENOR;Tenor;UNIT_MEASURE;Unit of Measure;COLLECTION;DECIMALS;TIME_PERIOD;OBS_VALUE;CALC_METHOD;Calculation Method
B;Business;NOWA;NOWA;ON;Overnight;R;Rate;;2;2020-01-02;1.49;N;Normal
B;Business;NOWA;NOWA;ON;Overnight;R;Rate;;2;2020-01-03;1.49;N;Normal
B;Business;NOWA;NOWA;ON;Overnight;R;Rate;;2;2020-01-06;1.49;N;Normal
B;Business;NOWA;NOWA;ON;Overnight;R;Rate;;2;2020-01-07;1.49;N;Normal
B;Business;NOWA;NOWA;ON;Overnight;R;Rate;;2;2020-01-08;1.49;N;Normal
B;Business;NOWA;NOWA;ON;Overnight;R;Rate;;2;2020-01-09;1.49;N;Normal
B;Business;NOWA;NOWA;ON;Overnight;R;Rate;;2;2020-01-10;1.49;N;Normal
B;Business;NOWA;NOWA;ON;Overnight;R;Rate;;2;2020-01-13;1.49;N;Normal
B;Business;NOWA;NOWA;ON;Overnight;R;Rate;;2;2020-01-14;1.49;N;Normal
B;Business;NOWA;NOWA;ON;Overnight;R;Rate;;2;2020-01-15;1.49;N;Normal
B;Business;NOWA;NOWA;ON;Overnight;R;Rate;;2;2020-01-16;1.49;N;Normal
B;Business;NOWA;NOWA;ON;Overnight;R;Rate;;2;2020-01-17;1.49;N;Normal
B;Business;NOWA;NOWA;ON;Overnight;R;Rate;;2;2020-01-20;1.49;N;Normal
B;Business;NOWA;NOWA;ON;Overnight;R;Rate;;2;2020-01-21;1.49;N;Normal
B;Business;NOWA;NOWA;ON;Overnight;R;Rate;;2;2020-01-22;1.49;N;Normal
B;Business;NOWA;NOWA;ON;Overnight;R;Rate;;2;2020-01-23;1.49;N;Normal
B;Business;NOWA;NOWA;ON;Overnight;R;Rate;;2;2020-01-24;1.49;N;Normal
B;Business;NOWA;NOWA;ON;Overnight;R;Rate;;2;2020-01-27;1.49;N;Normal
B;Business;NOWA;NOWA;ON;Overnight;R;Rate;;2;2020-01-28;1.49;N;Normal
B;Business;NOWA;NOWA;ON;Overnight;R;Rate;;2;2020-01-29;1.49;N;Normal
B;Business;NOWA;NOWA;ON;Overnight;R;Rate;;2;2020-01-30;1.49;N;Normal
B;Business;NOWA;NOWA;ON;Overnight;R;Rate;;2;2020-01-31;1.49;N;Normal
B;Business;NOWA;NOWA;ON;Overnight;R;Rate;;2;2020-02-03;1.49;N;Normal
B;Business;NOWA;NOWA;ON;Overnight;R;Rate;;2;2020-02-04;1.49;N;Normal
B;Business;NOWA;NOWA;ON;Overnight;R;Rate;;2;2020-02-05;1.49;N;Normal
B;Business;NOWA;NOWA;ON;Overnight;R;Rate;;2;2020-02-06;1.49;N;Normal
B;Business;NOWA;NOWA;ON;Overnight;R;Rate;;2;2020-02-07;1.49;N;Normal
B;Business;NOWA;NOWA;ON;Overnight;R;Rate;;2;2020-02-10;1.49;N;Normal
B;Business;NOWA;NOWA;ON;Overnight;R;Rate;;2;2020-02-11;1.49;N;Normal
B;Business;NOWA;NOWA;ON;Overnight;R;Rate;;2;2020-02-12;1.49;N;Normal
B;Business;NOWA;NOWA;ON;Overnight;R;Rate;;2;2020-02-13;1.49;N;Normal
B;Business;NOWA;NOWA;ON;Overnight;R;Rate;;2;2020-02-14;1.49;N;Normal
B;Business;NOWA;NOWA;ON;Overnight;R;Rate;;2;2020-02-17;1.49;N;Normal
B;Business;NOWA;NOWA;ON;Overnight;R;Rate;;2;2020-02-18;1.49;N;Normal
B;Business;NOWA;NOWA;ON;Overnight;R;Rate;;2;2020-02-19;1.49;N;Normal
B;Business;NOWA;NOWA;ON;Overnight;R;Rate;;2;2020-02-20;1.49;N;Normal
B;Business;NOWA;NOWA;ON;Overnight;R;Rate;;2;2020-02-21;1.49;N;Normal
B;Business;NOWA;NOWA;ON;Overnight;R;Rate;;2;2020-02-24;1.49;N;Normal
B;Business;NOWA;NOWA;ON;Overnight;R;Rate;;2;2020-02-25;1.49;N;Normal
B;Business;NOWA;NOWA;ON;Overnight;R;Rate;;2;2020-02-26;1.49;N;Normal
B;Business;NOWA;NOWA;ON;Overnight;R;Rate;;2;2020-02-27;1.49;N;Normal
B;Business;NOWA;NOWA;ON;Overnight;R;Rate;;2;2020-02-28;1.51;N;Normal
B;Business;NOWA;NOWA;ON;Overnight;R;Rate;;2;2020-03-02;1.49;N;Normal
B;Business;NOWA;NOWA;ON;Overnight;R;Rate;;2;2020-03-03;1.49;N;Normal
B;Business;NOWA;NOWA;ON;Overnight;R;Rate;;2;2020-03-04;1.49;N;Normal
B;Business;NOWA;NOWA;ON;Overnight;R;Rate;;2;2020-03-05;1.49;N;Normal
B;Business;NOWA;NOWA;ON;Overnight;R;Rate;;2;2020-03-06;1.49;N;Normal
B;Business;NOWA;NOWA;ON;Overnight;R;Rate;;2;2020-03-09;1.49;N;Normal
B;Business;NOWA;NOWA;ON;Overnight;R;Rate;;2;2020-03-10;1.49;N;Normal
B;Business;NOWA;NOWA;ON;Overnight;R;Rate;;2;2020-03-11;1.49;N;Normal
B;Business;NOWA;NOWA;ON;Overnight;R;Rate;;2;2020-03-12;1.49;N;Normal
B;Business;NOWA;NOWA;ON;Overnight;R;Rate;;2;2020-03-13;1.49;N;Normal
B;Business;NOWA;NOWA;ON;Overnight;R;Rate;;2;2020-03-16;0.99;N;Normal
B;Business;NOWA;NOWA;ON;Overnight;R;Rate;;2;2020-03-17;0.99;N;Normal
B;Business;NOWA;NOWA;ON;Overnight;R;Rate;;2;2020-03-18;0.99;N;Normal
B;Business;NOWA;NOWA;ON;Overnight;R;Rate;;2;2020-03-19;0.99;N;Normal
B;Business;NOWA;NOWA;ON;Overnight;R;Rate;;2;2020-03-20;0.99;N;Normal
B;Business;NOWA;NOWA;ON;Overnight;R;Rate;;2;2020-03-23;0.24;N;Normal
B;Business;NOWA;NOWA;ON;Overnight;R;Rate;;2;2020-03-24;0.24;N;Normal
B;Business;NOWA;NOWA;ON;Overnight;R;Rate;;2;2020-03-25;0.24;A;Alternative method
B;Business;NOWA;NOWA;ON;Overnight;R;Rate;;2;2020-03-26;0.24;N;Normal
B;Business;NOWA;NOWA;ON;Overnight;R;Rate;;2;2020-03-27;0.24;N;Normal
B;Business;NOWA;NOWA;ON;Overnight;R;Rate;;2;2020-03-30;0.24;N;Normal
B;Business;NOWA;NOWA;ON;Overnight;R;Rate;;2;2020-03-31;0.24;A;Alternative method
B;Business;NOWA;NOWA;ON;Overnight;R;Rate;;2;2020-04-01;0.25;N;Normal
B;Business;NOWA;NOWA;ON;Overnight;R;Rate;;2;2020-04-02;0.25;N;Normal
B;Business;NOWA;NOWA;ON;Overnight;R;Rate;;2;2020-04-03;0.25;N;Normal
B;Business;NOWA;NOWA;ON;Overnight;R;Rate;;2;2020-04-06;0.24;N;Normal
B;Business;NOWA;NOWA;ON;Overnight;R;Rate;;2;2020-04-07;0.25;N;Normal
B;Business;NOWA;NOWA;ON;Overnight;R;Rate;;2;2020-04-08;0.25;N;Normal
B;Business;NOWA;NOWA;ON;Overnight;R;Rate;;2;2020-04-14;0.24;N;Normal
B;Business;NOWA;NOWA;ON;Overnight;R;Rate;;2;2020-04-15;0.24;N;Normal
B;Business;NOWA;NOWA;ON;Overnight;R;Rate;;2;2020-04-16;0.24;N;Normal
B;Business;NOWA;NOWA;ON;Overnight;R;Rate;;2;2020-04-17;0.24;N;Normal
B;Business;NOWA;NOWA;ON;Overnight;R;Rate;;2;2020-04-20;0.23;N;Normal
B;Business;NOWA;NOWA;ON;Overnight;R;Rate;;2;2020-04-21;0.24;N;Normal
B;Business;NOWA;NOWA;ON;Overnight;R;Rate;;2;2020-04-22;0.24;N;Normal
B;Business;NOWA;NOWA;ON;Overnight;R;Rate;;2;2020-04-23;0.25;N;Normal
B;Business;NOWA;NOWA;ON;Overnight;R;Rate;;2;2020-04-24;0.25;N;Normal
B;Business;NOWA;NOWA;ON;Overnight;R;Rate;;2;2020-04-27;0.24;N;Normal
B;Business;NOWA;NOWA;ON;Overnight;R;Rate;;2;2020-04-28;0.24;N;Normal
B;Business;NOWA;NOWA;ON;Overnight;R;Rate;;2;2020-04-29;0.24;A;Alternative method
B;Business;NOWA;NOWA;ON;Overnight;R;Rate;;2;2020-04-30;0.24;N;Normal
B;Business;NOWA;NOWA;ON;Overnight;R;Rate;;2;2020-05-04;0.24;N;Normal
B;Business;NOWA;NOWA;ON;Overnight;R;Rate;;2;2020-05-05;0.24;A;Alternative method
B;Business;NOWA;NOWA;ON;Overnight;R;Rate;;2;2020-05-06;0.24;A;Alternative method
B;Business;NOWA;NOWA;ON;Overnight;R;Rate;;2;2020-05-07;0.24;A;Alternative method
B;Business;NOWA;NOWA;ON;Overnight;R;Rate;;2;2020-05-08;0;KP;Key Policy Rate
B;Business;NOWA;NOWA;ON;Overnight;R;Rate;;2;2020-05-11;0;KP;Key Policy Rate
B;Business;NOWA;NOWA;ON;Overnight;R;Rate;;2;2020-05-12;0;KP;Key Policy Rate
B;Business;NOWA;NOWA;ON;Overnight;R;Rate;;2;2020-05-13;0;KP;Key Policy Rate
B;Business;NOWA;NOWA;ON;Overnight;R;Rate;;2;2020-05-14;0;KP;Key Policy Rate
B;Business;NOWA;NOWA;ON;Overnight;R;Rate;;2;2020-05-15;0;KP;Key Policy Rate
B;Business;NOWA;NOWA;ON;Overnight;R;Rate;;2;2020-05-18;0;KP;Key Policy Rate
B;Business;NOWA;NOWA;ON;Overnight;R;Rate;;2;2020-05-19;0;KP;Key Policy Rate
B;Business;NOWA;NOWA;ON;Overnight;R;Rate;;2;2020-05-20;0;KP;Key Policy Rate
B;Business;NOWA;NOWA;ON;Overnight;R;Rate;;2;2020-05-22;0;KP;Key Policy Rate
B;Business;NOWA;NOWA;ON;Overnight;R;Rate;;2;2020-05-25;0;KP;Key Policy Rate
B;Business;NOWA;NOWA;ON;Overnight;R;Rate;;2;2020-05-26;0;KP;Key Policy Rate
B;Business;NOWA;NOWA;ON;Overnight;R;Rate;;2;2020-05-27;0;KP;Key Policy Rate
B;Business;NOWA;NOWA;ON;Overnight;R;Rate;;2;2020-05-28;0;KP;Key Policy Rate
B;Business;NOWA;NOWA;ON;Overnight;R;Rate;;2;2020-05-29;0;KP;Key Policy Rate
B;Business;NOWA;NOWA;ON;Overnight;R;Rate;;2;2020-06-02;0;KP;Key Policy Rate
B;Business;NOWA;NOWA;ON;Overnight;R;Rate;;2;2020-06-03;0;KP;Key Policy Rate
B;Business;NOWA;NOWA;ON;Overnight;R;Rate;;2;2020-06-04;0;KP;Key Policy Rate
B;Business;NOWA;NOWA;ON;Overnight;R;Rate;;2;2020-06-05;0;KP;Key Policy Rate
B;Business;NOWA;NOWA;ON;Overnight;R;Rate;;2;2020-06-08;0;KP;Key Policy Rate
B;Business;NOWA;NOWA;ON;Overnight;R;Rate;;2;2020-06-09;0;KP;Key Policy Rate
B;Business;NOWA;NOWA;ON;Overnight;R;Rate;;2;2020-06-10;0;KP;Key Policy Rate
B;Business;NOWA;NOWA;ON;Overnight;R;Rate;;2;2020-06-11;0;KP;Key Policy Rate
B;Business;NOWA;NOWA;ON;Overnight;R;Rate;;2;2020-06-12;0;N;Normal
B;Business;NOWA;NOWA;ON;Overnight;R;Rate;;2;2020-06-15;0;N;Normal
B;Business;NOWA;NOWA;ON;Overnight;R;Rate;;2;2020-06-16;0;A;Alternative method
B;Business;NOWA;NOWA;ON;Overnight;R;Rate;;2;2020-06-17;0;N;Normal
B;Business;NOWA;NOWA;ON;Overnight;R;Rate;;2;2020-06-18;0;N;Normal
B;Business;NOWA;NOWA;ON;Overnight;R;Rate;;2;2020-06-19;0;N;Normal
B;Business;NOWA;NOWA;ON;Overnight;R;Rate;;2;2020-06-22;0;N;Normal
B;Business;NOWA;NOWA;ON;Overnight;R;Rate;;2;2020-06-23;0.01;N;Normal
B;Business;NOWA;NOWA;ON;Overnight;R;Rate;;2;2020-06-24;-0.01;N;Normal
B;Business;NOWA;NOWA;ON;Overnight;R;Rate;;2;2020-06-25;-0.01;N;Normal
B;Business;NOWA;NOWA;ON;Overnight;R;Rate;;2;2020-06-26;-0.01;N;Normal
B;Business;NOWA;NOWA;ON;Overnight;R;Rate;;2;2020-06-29;0;N;Normal
B;Business;NOWA;NOWA;ON;Overnight;R;Rate;;2;2020-06-30;-0.01;N;Normal
B;Business;NOWA;NOWA;ON;Overnight;R;Rate;;2;2020-07-01;0;N;Normal
B;Business;NOWA;NOWA;ON;Overnight;R;Rate;;2;2020-07-02;0;N;Normal
B;Business;NOWA;NOWA;ON;Overnight;R;Rate;;2;2020-07-03;0;N;Normal
B;Business;NOWA;NOWA;ON;Overnight;R;Rate;;2;2020-07-06;0;N;Normal
B;Business;NOWA;NOWA;ON;Overnight;R;Rate;;2;2020-07-07;0;N;Normal
B;Business;NOWA;NOWA;ON;Overnight;R;Rate;;2;2020-07-08;-0.01;N;Normal
B;Business;NOWA;NOWA;ON;Overnight;R;Rate;;2;2020-07-09;0;A;Alternative method
B;Business;NOWA;NOWA;ON;Overnight;R;Rate;;2;2020-07-10;-0.01;N;Normal
B;Business;NOWA;NOWA;ON;Overnight;R;Rate;;2;2020-07-13;0;N;Normal
B;Business;NOWA;NOWA;ON;Overnight;R;Rate;;2;2020-07-14;0;N;Normal
B;Business;NOWA;NOWA;ON;Overnight;R;Rate;;2;2020-07-15;0;N;Normal
B;Business;NOWA;NOWA;ON;Overnight;R;Rate;;2;2020-07-16;0;N;Normal
B;Business;NOWA;NOWA;ON;Overnight;R;Rate;;2;2020-07-17;0;N;Normal
B;Business;NOWA;NOWA;ON;Overnight;R;Rate;;2;2020-07-20;0;N;Normal
B;Business;NOWA;NOWA;ON;Overnight;R;Rate;;2;2020-07-21;0;N;Normal
B;Business;NOWA;NOWA;ON;Overnight;R;Rate;;2;2020-07-22;0;N;Normal
B;Business;NOWA;NOWA;ON;Overnight;R;Rate;;2;2020-07-23;0;N;Normal
B;Business;NOWA;NOWA;ON;Overnight;R;Rate;;2;2020-07-24;0;N;Normal
B;Business;NOWA;NOWA;ON;Overnight;R;Rate;;2;2020-07-27;0;A;Alternative method
B;Business;NOWA;NOWA;ON;Overnight;R;Rate;;2;2020-07-28;0;N;Normal
B;Business;NOWA;NOWA;ON;Overnight;R;Rate;;2;2020-07-29;-0.01;N;Normal
B;Business;NOWA;NOWA;ON;Overnight;R;Rate;;2;2020-07-30;0;N;Normal
B;Business;NOWA;NOWA;ON;Overnight;R;Rate;;2;2020-07-31;-0.01;N;Normal
B;Business;NOWA;NOWA;ON;Overnight;R;Rate;;2;2020-08-03;-0.01;N;Normal
B;Business;NOWA;NOWA;ON;Overnight;R;Rate;;2;2020-08-04;-0.01;N;Normal
B;Business;NOWA;NOWA;ON;Overnight;R;Rate;;2;2020-08-05;-0.01;N;Normal
B;Business;NOWA;NOWA;ON;Overnight;R;Rate;;2;2020-08-06;-0.01;N;Normal
B;Business;NOWA;NOWA;ON;Overnight;R;Rate;;2;2020-08-07;-0.01;N;Normal
B;Business;NOWA;NOWA;ON;Overnight;R;Rate;;2;2020-08-10;-0.01;N;Normal
B;Business;NOWA;NOWA;ON;Overnight;R;Rate;;2;2020-08-11;-0.01;N;Normal
B;Business;NOWA;NOWA;ON;Overnight;R;Rate;;2;2020-08-12;0;N;Normal
B;Business;NOWA;NOWA;ON;Overnight;R;Rate;;2;2020-08-13;0;N;Normal
B;Business;NOWA;NOWA;ON;Overnight;R;Rate;;2;2020-08-14;0;N;Normal
B;Business;NOWA;NOWA;ON;Overnight;R;Rate;;2;2020-08-17;-0.01;N;Normal
B;Business;NOWA;NOWA;ON;Overnight;R;Rate;;2;2020-08-18;-0.01;N;Normal
B;Business;NOWA;NOWA;ON;Overnight;R;Rate;;2;2020-08-19;-0.01;N;Normal
B;Business;NOWA;NOWA;ON;Overnight;R;Rate;;2;2020-08-20;-0.01;N;Normal
B;Business;NOWA;NOWA;ON;Overnight;R;Rate;;2;2020-08-21;-0.01;N;Normal
B;Business;NOWA;NOWA;ON;Overnight;R;Rate;;2;2020-08-24;-0.01;N;Normal
B;Business;NOWA;NOWA;ON;Overnight;R;Rate;;2;2020-08-25;-0.01;N;Normal
B;Business;NOWA;NOWA;ON;Overnight;R;Rate;;2;2020-08-26;-0.01;N;Normal
B;Business;NOWA;NOWA;ON;Overnight;R;Rate;;2;2020-08-27;-0.01;N;Normal
B;Business;NOWA;NOWA;ON;Overnight;R;Rate;;2;2020-08-28;-0.01;N;Normal
B;Business;NOWA;NOWA;ON;Overnight;R;Rate;;2;2020-08-31;0.04;N;Normal
B;Business;NOWA;NOWA;ON;Overnight;R;Rate;;2;2020-09-01;-0.01;N;Normal
B;Business;NOWA;NOWA;ON;Overnight;R;Rate;;2;2020-09-02;0;N;Normal
B;Business;NOWA;NOWA;ON;Overnight;R;Rate;;2;2020-09-03;-0.01;N;Normal
B;Business;NOWA;NOWA;ON;Overnight;R;Rate;;2;2020-09-04;-0.01;N;Normal
B;Business;NOWA;NOWA;ON;Overnight;R;Rate;;2;2020-09-07;-0.01;N;Normal
B;Business;NOWA;NOWA;ON;Overnight;R;Rate;;2;2020-09-08;0;N;Normal
B;Business;NOWA;NOWA;ON;Overnight;R;Rate;;2;2020-09-09;0;N;Normal
B;Business;NOWA;NOWA;ON;Overnight;R;Rate;;2;2020-09-10;0;N;Normal
B;Business;NOWA;NOWA;ON;Overnight;R;Rate;;2;2020-09-11;-0.01;N;Normal
B;Business;NOWA;NOWA;ON;Overnight;R;Rate;;2;2020-09-14;0;N;Normal
B;Business;NOWA;NOWA;ON;Overnight;R;Rate;;2;2020-09-15;0;N;Normal
B;Business;NOWA;NOWA;ON;Overnight;R;Rate;;2;2020-09-16;0;N;Normal
B;Business;NOWA;NOWA;ON;Overnight;R;Rate;;2;2020-09-17;0;N;Normal
B;Business;NOWA;NOWA;ON;Overnight;R;Rate;;2;2020-09-18;0;N;Normal
B;Business;NOWA;NOWA;ON;Overnight;R;Rate;;2;2020-09-21;0;N;Normal
B;Business;NOWA;NOWA;ON;Overnight;R;Rate;;2;2020-09-22;0;N;Normal
B;Business;NOWA;NOWA;ON;Overnight;R;Rate;;2;2020-09-23;0;N;Normal
B;Business;NOWA;NOWA;ON;Overnight;R;Rate;;2;2020-09-24;0;N;Normal
B;Business;NOWA;NOWA;ON;Overnight;R;Rate;;2;2020-09-25;0;N;Normal
B;Business;NOWA;NOWA;ON;Overnight;R;Rate;;2;2020-09-28;0;N;Normal
B;Business;NOWA;NOWA;ON;Overnight;R;Rate;;2;2020-09-29;0;N;Normal
B;Business;NOWA;NOWA;ON;Overnight;R;Rate;;2;2020-09-30;0;A;Alternative method
B;Business;NOWA;NOWA;ON;Overnight;R;Rate;;2;2020-10-01;0;N;Normal
B;Business;NOWA;NOWA;ON;Overnight;R;Rate;;2;2020-10-02;0;N;Normal
B;Business;NOWA;NOWA;ON;Overnight;R;Rate;;2;2020-10-05;0;N;Normal
B;Business;NOWA;NOWA;ON;Overnight;R;Rate;;2;2020-10-06;0;N;Normal
B;Business;NOWA;NOWA;ON;Overnight;R;Rate;;2;2020-10-07;0;N;Normal
B;Business;NOWA;NOWA;ON;Overnight;R;Rate;;2;2020-10-08;0;N;Normal
B;Business;NOWA;NOWA;ON;Overnight;R;Rate;;2;2020-10-09;0;N;Normal
B;Business;NOWA;NOWA;ON;Overnight;R;Rate;;2;2020-10-12;0;N;Normal
B;Business;NOWA;NOWA;ON;Overnight;R;Rate;;2;2020-10-13;0;N;Normal
B;Business;NOWA;NOWA;ON;Overnight;R;Rate;;2;2020-10-14;0;N;Normal
B;Business;NOWA;NOWA;ON;Overnight;R;Rate;;2;2020-10-15;0;N;Normal
B;Business;NOWA;NOWA;ON;Overnight;R;Rate;;2;2020-10-16;0;N;Normal
B;Business;NOWA;NOWA;ON;Overnight;R;Rate;;2;2020-10-19;0;N;Normal
B;Business;NOWA;NOWA;ON;Overnight;R;Rate;;2;2020-10-20;0;N;Normal
B;Business;NOWA;NOWA;ON;Overnight;R;Rate;;2;2020-10-21;0;N;Normal
B;Business;NOWA;NOWA;ON;Overnight;R;Rate;;2;2020-10-22;0;N;Normal
B;Business;NOWA;NOWA;ON;Overnight;R;Rate;;2;2020-10-23;0;N;Normal
B;Business;NOWA;NOWA;ON;Overnight;R;Rate;;2;2020-10-26;0;N;Normal
B;Business;NOWA;NOWA;ON;Overnight;R;Rate;;2;2020-10-27;0;N;Normal
B;Business;NOWA;NOWA;ON;Overnight;R;Rate;;2;2020-10-28;0;N;Normal
B;Business;NOWA;NOWA;ON;Overnight;R;Rate;;2;2020-10-29;0;N;Normal
B;Business;NOWA;NOWA;ON;Overnight;R;Rate;;2;2020-10-30;0;N;Normal
B;Business;NOWA;NOWA;ON;Overnight;R;Rate;;2;2020-11-02;0;N;Normal
B;Business;NOWA;NOWA;ON;Overnight;R;Rate;;2;2020-11-03;0;N;Normal
B;Business;NOWA;NOWA;ON;Overnight;R;Rate;;2;2020-11-04;0;N;Normal
B;Business;NOWA;NOWA;ON;Overnight;R;Rate;;2;2020-11-05;0;N;Normal
B;Business;NOWA;NOWA;ON;Overnight;R;Rate;;2;2020-11-06;0;N;Normal
B;Business;NOWA;NOWA;ON;Overnight;R;Rate;;2;2020-11-09;0;N;Normal
B;Business;NOWA;NOWA;ON;Overnight;R;Rate;;2;2020-11-10;0;N;Normal
B;Business;NOWA;NOWA;ON;Overnight;R;Rate;;2;2020-11-11;0;N;Normal
B;Business;NOWA;NOWA;ON;Overnight;R;Rate;;2;2020-11-12;0;N;Normal
B;Business;NOWA;NOWA;ON;Overnight;R;Rate;;2;2020-11-13;0;N;Normal
B;Business;NOWA;NOWA;ON;Overnight;R;Rate;;2;2020-11-16;0;N;Normal
B;Business;NOWA;NOWA;ON;Overnight;R;Rate;;2;2020-11-17;0;N;Normal
B;Business;NOWA;NOWA;ON;Overnight;R;Rate;;2;2020-11-18;0;N;Normal
B;Business;NOWA;NOWA;ON;Overnight;R;Rate;;2;2020-11-19;0;N;Normal
B;Business;NOWA;NOWA;ON;Overnight;R;Rate;;2;2020-11-20;0;N;Normal
B;Business;NOWA;NOWA;ON;Overnight;R;Rate;;2;2020-11-23;0;N;Normal
B;Business;NOWA;NOWA;ON;Overnight;R;Rate;;2;2020-11-24;0;N;Normal
B;Business;NOWA;NOWA;ON;Overnight;R;Rate;;2;2020-11-25;0;N;Normal
B;Business;NOWA;NOWA;ON;Overnight;R;Rate;;2;2020-11-26;0;N;Normal
B;Business;NOWA;NOWA;ON;Overnight;R;Rate;;2;2020-11-27;0;N;Normal
B;Business;NOWA;NOWA;ON;Overnight;R;Rate;;2;2020-11-30;0;N;Normal
B;Business;NOWA;NOWA;ON;Overnight;R;Rate;;2;2020-12-01;0;N;Normal
B;Business;NOWA;NOWA;ON;Overnight;R;Rate;;2;2020-12-02;0;N;Normal
B;Business;NOWA;NOWA;ON;Overnight;R;Rate;;2;2020-12-03;0;N;Normal
B;Business;NOWA;NOWA;ON;Overnight;R;Rate;;2;2020-12-04;0;N;Normal
B;Business;NOWA;NOWA;ON;Overnight;R;Rate;;2;2020-12-07;0;N;Normal
B;Business;NOWA;NOWA;ON;Overnight;R;Rate;;2;2020-12-08;0;N;Normal
B;Business;NOWA;NOWA;ON;Overnight;R;Rate;;2;2020-12-09;0;N;Normal
B;Business;NOWA;NOWA;ON;Overnight;R;Rate;;2;2020-12-10;0;N;Normal
B;Business;NOWA;NOWA;ON;Overnight;R;Rate;;2;2020-12-11;0;N;Normal
B;Business;NOWA;NOWA;ON;Overnight;R;Rate;;2;2020-12-14;0;N;Normal
B;Business;NOWA;NOWA;ON;Overnight;R;Rate;;2;2020-12-15;0;N;Normal
B;Business;NOWA;NOWA;ON;Overnight;R;Rate;;2;2020-12-16;0;N;Normal
B;Business;NOWA;NOWA;ON;Overnight;R;Rate;;2;2020-12-17;0;N;Normal
B;Business;NOWA;NOWA;ON;Overnight;R;Rate;;2;2020-12-18;0;N;Normal
B;Business;NOWA;NOWA;ON;Overnight;R;Rate;;2;2020-12-21;0;N;Normal
B;Business;NOWA;NOWA;ON;Overnight;R;Rate;;2;2020-12-22;0;N;Normal
B;Business;NOWA;NOWA;ON;Overnight;R;Rate;;2;2020-12-23;0;N;Normal
B;Business;NOWA;NOWA;ON;Overnight;R;Rate;;2;2020-12-28;0;N;Normal
B;Business;NOWA;NOWA;ON;Overnight;R;Rate;;2;2020-12-29;0;N;Normal
B;Business;NOWA;NOWA;ON;Overnight;R;Rate;;2;2020-12-30;0;N;Normal
B;Business;NOWA;NOWA;ON;Overnight;R;Rate;;2;2020-12-31;0;A;Alternative method
B;Business;NOWA;NOWA;ON;Overnight;R;Rate;;2;2021-01-04;0;N;Normal
B;Business;NOWA;NOWA;ON;Overnight;R;Rate;;2;2021-01-05;-0.01;N;Normal
B;Business;NOWA;NOWA;ON;Overnight;R;Rate;;2;2021-01-06;-0.01;N;Normal
B;Business;NOWA;NOWA;ON;Overnight;R;Rate;;2;2021-01-07;-0.01;N;Normal
B;Business;NOWA;NOWA;ON;Overnight;R;Rate;;2;2021-01-08;0;N;Normal
B;Business;NOWA;NOWA;ON;Overnight;R;Rate;;2;2021-01-11;0;N;Normal
B;Business;NOWA;NOWA;ON;Overnight;R;Rate;;2;2021-01-12;0;N;Normal
B;Business;NOWA;NOWA;ON;Overnight;R;Rate;;2;2021-01-13;0;N;Normal
B;Business;NOWA;NOWA;ON;Overnight;R;Rate;;2;2021-01-14;0;N;Normal
B;Business;NOWA;NOWA;ON;Overnight;R;Rate;;2;2021-01-15;0;N;Normal
B;Business;NOWA;NOWA;ON;Overnight;R;Rate;;2;2021-01-18;0;N;Normal
B;Business;NOWA;NOWA;ON;Overnight;R;Rate;;2;2021-01-19;0;N;Normal
B;Business;NOWA;NOWA;ON;Overnight;R;Rate;;2;2021-01-20;0;N;Normal
B;Business;NOWA;NOWA;ON;Overnight;R;Rate;;2;2021-01-21;0;N;Normal
B;Business;NOWA;NOWA;ON;Overnight;R;Rate;;2;2021-01-22;0;N;Normal
B;Business;NOWA;NOWA;ON;Overnight;R;Rate;;2;2021-01-25;0;N;Normal
B;Business;NOWA;NOWA;ON;Overnight;R;Rate;;2;2021-01-26;0;N;Normal
B;Business;NOWA;NOWA;ON;Overnight;R;Rate;;2;2021-01-27;0;N;Normal
B;Business;NOWA;NOWA;ON;Overnight;R;Rate;;2;2021-01-28;0;N;Normal
B;Business;NOWA;NOWA;ON;Overnight;R;Rate;;2;2021-01-29;0;N;Normal
B;Business;NOWA;NOWA;ON;Overnight;R;Rate;;2;2021-02-01;0;N;Normal
B;Business;NOWA;NOWA;ON;Overnight;R;Rate;;2;2021-02-02;0;N;Normal
B;Business;NOWA;NOWA;ON;Overnight;R;Rate;;2;2021-02-03;0;N;Normal
B;Business;NOWA;NOWA;ON;Overnight;R;Rate;;2;2021-02-04;0;N;Normal
B;Business;NOWA;NOWA;ON;Overnight;R;Rate;;2;2021-02-05;0;N;Normal
B;Business;NOWA;NOWA;ON;Overnight;R;Rate;;2;2021-02-08;0;N;Normal
B;Business;NOWA;NOWA;ON;Overnight;R;Rate;;2;2021-02-09;0;N;Normal
B;Business;NOWA;NOWA;ON;Overnight;R;Rate;;2;2021-02-10;0;N;Normal
B;Business;NOWA;NOWA;ON;Overnight;R;Rate;;2;2021-02-11;0;N;Normal
B;Business;NOWA;NOWA;ON;Overnight;R;Rate;;2;2021-02-12;0;N;Normal
B;Business;NOWA;NOWA;ON;Overnight;R;Rate;;2;2021-02-15;0;N;Normal
B;Business;NOWA;NOWA;ON;Overnight;R;Rate;;2;2021-02-16;0;N;Normal
B;Business;NOWA;NOWA;ON;Overnight;R;Rate;;2;2021-02-17;0;N;Normal
B;Business;NOWA;NOWA;ON;Overnight;R;Rate;;2;2021-02-18;0;N;Normal
B;Business;NOWA;NOWA;ON;Overnight;R;Rate;;2;2021-02-19;0;N;Normal
B;Business;NOWA;NOWA;ON;Overnight;R;Rate;;2;2021-02-22;0;N;Normal
B;Business;NOWA;NOWA;ON;Overnight;R;Rate;;2;2021-02-23;0;N;Normal
B;Business;NOWA;NOWA;ON;Overnight;R;Rate;;2;2021-02-24;0;N;Normal
B;Business;NOWA;NOWA;ON;Overnight;R;Rate;;2;2021-02-25;0;N;Normal
B;Business;NOWA;NOWA;ON;Overnight;R;Rate;;2;2021-02-26;0;N;Normal
B;Business;NOWA;NOWA;ON;Overnight;R;Rate;;2;2021-03-01;0;N;Normal
B;Business;NOWA;NOWA;ON;Overnight;R;Rate;;2;2021-03-02;0;N;Normal
B;Business;NOWA;NOWA;ON;Overnight;R;Rate;;2;2021-03-03;0;N;Normal
B;Business;NOWA;NOWA;ON;Overnight;R;Rate;;2;2021-03-04;0;N;Normal
B;Business;NOWA;NOWA;ON;Overnight;R;Rate;;2;2021-03-05;0;N;Normal
B;Business;NOWA;NOWA;ON;Overnight;R;Rate;;2;2021-03-08;0;N;Normal
B;Business;NOWA;NOWA;ON;Overnight;R;Rate;;2;2021-03-09;0;N;Normal
B;Business;NOWA;NOWA;ON;Overnight;R;Rate;;2;2021-03-10;0;N;Normal
B;Business;NOWA;NOWA;ON;Overnight;R;Rate;;2;2021-03-11;0;N;Normal
B;Business;NOWA;NOWA;ON;Overnight;R;Rate;;2;2021-03-12;0;N;Normal
B;Business;NOWA;NOWA;ON;Overnight;R;Rate;;2;2021-03-15;0;N;Normal
B;Business;NOWA;NOWA;ON;Overnight;R;Rate;;2;2021-03-16;0;N;Normal
B;Business;NOWA;NOWA;ON;Overnight;R;Rate;;2;2021-03-17;0;N;Normal
B;Business;NOWA;NOWA;ON;Overnight;R;Rate;;2;2021-03-18;0;N;Normal
B;Business;NOWA;NOWA;ON;Overnight;R;Rate;;2;2021-03-19;0;N;Normal
B;Business;NOWA;NOWA;ON;Overnight;R;Rate;;2;2021-03-22;0;N;Normal
B;Business;NOWA;NOWA;ON;Overnight;R;Rate;;2;2021-03-23;0;N;Normal
B;Business;NOWA;NOWA;ON;Overnight;R;Rate;;2;2021-03-24;0;N;Normal
B;Business;NOWA;NOWA;ON;Overnight;R;Rate;;2;2021-03-25;0;N;Normal
B;Business;NOWA;NOWA;ON;Overnight;R;Rate;;2;2021-03-26;0;N;Normal
B;Business;NOWA;NOWA;ON;Overnight;R;Rate;;2;2021-03-29;0;N;Normal
B;Business;NOWA;NOWA;ON;Overnight;R;Rate;;2;2021-03-30;0;N;Normal
B;Business;NOWA;NOWA;ON;Overnight;R;Rate;;2;2021-03-31;0;A;Alternative method
B;Business;NOWA;NOWA;ON;Overnight;R;Rate;;2;2021-04-06;0;N;Normal
B;Business;NOWA;NOWA;ON;Overnight;R;Rate;;2;2021-04-07;0;N;Normal
B;Business;NOWA;NOWA;ON;Overnight;R;Rate;;2;2021-04-08;0;N;Normal
B;Business;NOWA;NOWA;ON;Overnight;R;Rate;;2;2021-04-09;0;N;Normal
B;Business;NOWA;NOWA;ON;Overnight;R;Rate;;2;2021-04-12;0;N;Normal
B;Business;NOWA;NOWA;ON;Overnight;R;Rate;;2;2021-04-13;0;N;Normal
B;Business;NOWA;NOWA;ON;Overnight;R;Rate;;2;2021-04-14;0;N;Normal
B;Business;NOWA;NOWA;ON;Overnight;R;Rate;;2;2021-04-15;0;N;Normal
B;Business;NOWA;NOWA;ON;Overnight;R;Rate;;2;2021-04-16;0;N;Normal
B;Business;NOWA;NOWA;ON;Overnight;R;Rate;;2;2021-04-19;0;N;Normal
B;Business;NOWA;NOWA;ON;Overnight;R;Rate;;2;2021-04-20;0;N;Normal
B;Business;NOWA;NOWA;ON;Overnight;R;Rate;;2;2021-04-21;0;N;Normal
B;Business;NOWA;NOWA;ON;Overnight;R;Rate;;2;2021-04-22;0;N;Normal
B;Business;NOWA;NOWA;ON;Overnight;R;Rate;;2;2021-04-23;0;N;Normal
B;Business;NOWA;NOWA;ON;Overnight;R;Rate;;2;2021-04-26;0;N;Normal
B;Business;NOWA;NOWA;ON;Overnight;R;Rate;;2;2021-04-27;0;N;Normal
B;Business;NOWA;NOWA;ON;Overnight;R;Rate;;2;2021-04-28;0;N;Normal
B;Business;NOWA;NOWA;ON;Overnight;R;Rate;;2;2021-04-29;0;N;Normal
B;Business;NOWA;NOWA;ON;Overnight;R;Rate;;2;2021-04-30;0;N;Normal
B;Business;NOWA;NOWA;ON;Overnight;R;Rate;;2;2021-05-03;0;N;Normal
B;Business;NOWA;NOWA;ON;Overnight;R;Rate;;2;2021-05-04;0;N;Normal
B;Business;NOWA;NOWA;ON;Overnight;R;Rate;;2;2021-05-05;0;N;Normal
B;Business;NOWA;NOWA;ON;Overnight;R;Rate;;2;2021-05-06;0;N;Normal
B;Business;NOWA;NOWA;ON;Overnight;R;Rate;;2;2021-05-07;0;N;Normal
B;Business;NOWA;NOWA;ON;Overnight;R;Rate;;2;2021-05-10;0;N;Normal
B;Business;NOWA;NOWA;ON;Overnight;R;Rate;;2;2021-05-11;0;N;Normal
B;Business;NOWA;NOWA;ON;Overnight;R;Rate;;2;2021-05-12;0;N;Normal
B;Business;NOWA;NOWA;ON;Overnight;R;Rate;;2;2021-05-14;0;N;Normal
B;Business;NOWA;NOWA;ON;Overnight;R;Rate;;2;2021-05-18;0;N;Normal
B;Business;NOWA;NOWA;ON;Overnight;R;Rate;;2;2021-05-19;0;N;Normal
B;Business;NOWA;NOWA;ON;Overnight;R;Rate;;2;2021-05-20;0;N;Normal
B;Business;NOWA;NOWA;ON;Overnight;R;Rate;;2;2021-05-21;0;N;Normal
B;Business;NOWA;NOWA;ON;Overnight;R;Rate;;2;2021-05-25;0;N;Normal
B;Business;NOWA;NOWA;ON;Overnight;R;Rate;;2;2021-05-26;0;N;Normal
B;Business;NOWA;NOWA;ON;Overnight;R;Rate;;2;2021-05-27;0;N;Normal
B;Business;NOWA;NOWA;ON;Overnight;R;Rate;;2;2021-05-28;0;N;Normal
B;Business;NOWA;NOWA;ON;Overnight;R;Rate;;2;2021-05-31;0;N;Normal
B;Business;NOWA;NOWA;ON;Overnight;R;Rate;;2;2021-06-01;0;N;Normal
B;Business;NOWA;NOWA;ON;Overnight;R;Rate;;2;2021-06-02;0;N;Normal
B;Business;NOWA;NOWA;ON;Overnight;R;Rate;;2;2021-06-03;0;N;Normal
B;Business;NOWA;NOWA;ON;Overnight;R;Rate;;2;2021-06-04;-0.01;N;Normal
B;Business;NOWA;NOWA;ON;Overnight;R;Rate;;2;2021-06-07;0;N;Normal
B;Business;NOWA;NOWA;ON;Overnight;R;Rate;;2;2021-06-08;0;N;Normal
B;Business;NOWA;NOWA;ON;Overnight;R;Rate;;2;2021-06-09;0;N;Normal
B;Business;NOWA;NOWA;ON;Overnight;R;Rate;;2;2021-06-10;0;N;Normal
B;Business;NOWA;NOWA;ON;Overnight;R;Rate;;2;2021-06-11;0;N;Normal
B;Business;NOWA;NOWA;ON;Overnight;R;Rate;;2;2021-06-14;0;N;Normal
B;Business;NOWA;NOWA;ON;Overnight;R;Rate;;2;2021-06-15;0;N;Normal
B;Business;NOWA;NOWA;ON;Overnight;R;Rate;;2;2021-06-16;0;N;Normal
B;Business;NOWA;NOWA;ON;Overnight;R;Rate;;2;2021-06-17;0;N;Normal
B;Business;NOWA;NOWA;ON;Overnight;R;Rate;;2;2021-06-18;0;N;Normal
B;Business;NOWA;NOWA;ON;Overnight;R;Rate;;2;2021-06-21;0;N;Normal
B;Business;NOWA;NOWA;ON;Overnight;R;Rate;;2;2021-06-22;0;N;Normal
B;Business;NOWA;NOWA;ON;Overnight;R;Rate;;2;2021-06-23;0;N;Normal
B;Business;NOWA;NOWA;ON;Overnight;R;Rate;;2;2021-06-24;0;N;Normal
B;Business;NOWA;NOWA;ON;Overnight;R;Rate;;2;2021-06-25;0;N;Normal
B;Business;NOWA;NOWA;ON;Overnight;R;Rate;;2;2021-06-28;0;N;Normal
B;Business;NOWA;NOWA;ON;Overnight;R;Rate;;2;2021-06-29;0;N;Normal
B;Business;NOWA;NOWA;ON;Overnight;R;Rate;;2;2021-06-30;-0.01;N;Normal
B;Business;NOWA;NOWA;ON;Overnight;R;Rate;;2;2021-07-01;0;N;Normal
B;Business;NOWA;NOWA;ON;Overnight;R;Rate;;2;2021-07-02;0;N;Normal
B;Business;NOWA;NOWA;ON;Overnight;R;Rate;;2;2021-07-05;0;N;Normal
B;Business;NOWA;NOWA;ON;Overnight;R;Rate;;2;2021-07-06;0;N;Normal
B;Business;NOWA;NOWA;ON;Overnight;R;Rate;;2;2021-07-07;0;N;Normal
B;Business;NOWA;NOWA;ON;Overnight;R;Rate;;2;2021-07-08;0;N;Normal
B;Business;NOWA;NOWA;ON;Overnight;R;Rate;;2;2021-07-09;0;N;Normal
B;Business;NOWA;NOWA;ON;Overnight;R;Rate;;2;2021-07-12;0;N;Normal
B;Business;NOWA;NOWA;ON;Overnight;R;Rate;;2;2021-07-13;0;N;Normal
B;Business;NOWA;NOWA;ON;Overnight;R;Rate;;2;2021-07-14;0;N;Normal
B;Business;NOWA;NOWA;ON;Overnight;R;Rate;;2;2021-07-15;0;N;Normal
B;Business;NOWA;NOWA;ON;Overnight;R;Rate;;2;2021-07-16;0;N;Normal
B;Business;NOWA;NOWA;ON;Overnight;R;Rate;;2;2021-07-19;0;N;Normal
B;Business;NOWA;NOWA;ON;Overnight;R;Rate;;2;2021-07-20;0;N;Normal
B;Business;NOWA;NOWA;ON;Overnight;R;Rate;;2;2021-07-21;0;N;Normal
B;Business;NOWA;NOWA;ON;Overnight;R;Rate;;2;2021-07-22;0;N;Normal
B;Business;NOWA;NOWA;ON;Overnight;R;Rate;;2;2021-07-23;0;N;Normal
B;Business;NOWA;NOWA;ON;Overnight;R;Rate;;2;2021-07-26;0;N;Normal
B;Business;NOWA;NOWA;ON;Overnight;R;Rate;;2;2021-07-27;0;N;Normal
B;Business;NOWA;NOWA;ON;Overnight;R;Rate;;2;2021-07-28;0;N;Normal
B;Business;NOWA;NOWA;ON;Overnight;R;Rate;;2;2021-07-29;0;A;Alternative method
B;Business;NOWA;NOWA;ON;Overnight;R;Rate;;2;2021-07-30;0;N;Normal
B;Business;NOWA;NOWA;ON;Overnight;R;Rate;;2;2021-08-02;0;N;Normal
B;Business;NOWA;NOWA;ON;Overnight;R;Rate;;2;2021-08-03;0;N;Normal
B;Business;NOWA;NOWA;ON;Overnight;R;Rate;;2;2021-08-04;0;N;Normal
B;Business;NOWA;NOWA;ON;Overnight;R;Rate;;2;2021-08-05;0;N;Normal
B;Business;NOWA;NOWA;ON;Overnight;R;Rate;;2;2021-08-06;0;N;Normal
B;Business;NOWA;NOWA;ON;Overnight;R;Rate;;2;2021-08-09;0;N;Normal
B;Business;NOWA;NOWA;ON;Overnight;R;Rate;;2;2021-08-10;0;N;Normal
B;Business;NOWA;NOWA;ON;Overnight;R;Rate;;2;2021-08-11;0;N;Normal
B;Business;NOWA;NOWA;ON;Overnight;R;Rate;;2;2021-08-12;0;N;Normal
B;Business;NOWA;NOWA;ON;Overnight;R;Rate;;2;2021-08-13;0;N;Normal
B;Business;NOWA;NOWA;ON;Overnight;R;Rate;;2;2021-08-16;0;N;Normal
B;Business;NOWA;NOWA;ON;Overnight;R;Rate;;2;2021-08-17;0;N;Normal
B;Business;NOWA;NOWA;ON;Overnight;R;Rate;;2;2021-08-18;0;N;Normal
B;Business;NOWA;NOWA;ON;Overnight;R;Rate;;2;2021-08-19;0;N;Normal
B;Business;NOWA;NOWA;ON;Overnight;R;Rate;;2;2021-08-20;0;N;Normal
B;Business;NOWA;NOWA;ON;Overnight;R;Rate;;2;2021-08-23;0;N;Normal
B;Business;NOWA;NOWA;ON;Overnight;R;Rate;;2;2021-08-24;0;N;Normal
B;Business;NOWA;NOWA;ON;Overnight;R;Rate;;2;2021-08-25;0;N;Normal
B;Business;NOWA;NOWA;ON;Overnight;R;Rate;;2;2021-08-26;0;N;Normal
B;Business;NOWA;NOWA;ON;Overnight;R;Rate;;2;2021-08-27;0;N;Normal
B;Business;NOWA;NOWA;ON;Overnight;R;Rate;;2;2021-08-30;0;N;Normal
B;Business;NOWA;NOWA;ON;Overnight;R;Rate;;2;2021-08-31;0;N;Normal
B;Business;NOWA;NOWA;ON;Overnight;R;Rate;;2;2021-09-01;0;N;Normal
B;Business;NOWA;NOWA;ON;Overnight;R;Rate;;2;2021-09-02;0;N;Normal
B;Business;NOWA;NOWA;ON;Overnight;R;Rate;;2;2021-09-03;0;N;Normal
B;Business;NOWA;NOWA;ON;Overnight;R;Rate;;2;2021-09-06;0;N;Normal
B;Business;NOWA;NOWA;ON;Overnight;R;Rate;;2;2021-09-07;0;N;Normal
B;Business;NOWA;NOWA;ON;Overnight;R;Rate;;2;2021-09-08;0;N;Normal
B;Business;NOWA;NOWA;ON;Overnight;R;Rate;;2;2021-09-09;0;N;Normal
B;Business;NOWA;NOWA;ON;Overnight;R;Rate;;2;2021-09-10;0;N;Normal
B;Business;NOWA;NOWA;ON;Overnight;R;Rate;;2;2021-09-13;0;N;Normal
B;Business;NOWA;NOWA;ON;Overnight;R;Rate;;2;2021-09-14;0;N;Normal
B;Business;NOWA;NOWA;ON;Overnight;R;Rate;;2;2021-09-15;0;N;Normal
B;Business;NOWA;NOWA;ON;Overnight;R;Rate;;2;2021-09-16;0;N;Normal
B;Business;NOWA;NOWA;ON;Overnight;R;Rate;;2;2021-09-17;0;N;Normal
B;Business;NOWA;NOWA;ON;Overnight;R;Rate;;2;2021-09-20;0;N;Normal
B;Business;NOWA;NOWA;ON;Overnight;R;Rate;;2;2021-09-21;0;N;Normal
B;Business;NOWA;NOWA;ON;Overnight;R;Rate;;2;2021-09-22;0;N;Normal
B;Business;NOWA;NOWA;ON;Overnight;R;Rate;;2;2021-09-23;0;N;Normal
B;Business;NOWA;NOWA;ON;Overnight;R;Rate;;2;2021-09-24;0.25;N;Normal
B;Business;NOWA;NOWA;ON;Overnight;R;Rate;;2;2021-09-27;0.25;N;Normal
B;Business;NOWA;NOWA;ON;Overnight;R;Rate;;2;2021-09-28;0.25;N;Normal
B;Business;NOWA;NOWA;ON;Overnight;R;Rate;;2;2021-09-29;0.25;N;Normal
B;Business;NOWA;NOWA;ON;Overnight;R;Rate;;2;2021-09-30;0.25;A;Alternative method
B;Business;NOWA;NOWA;ON;Overnight;R;Rate;;2;2021-10-01;0.25;N;Normal
B;Business;NOWA;NOWA;ON;Overnight;R;Rate;;2;2021-10-04;0.25;N;Normal
B;Business;NOWA;NOWA;ON;Overnight;R;Rate;;2;2021-10-05;0.25;N;Normal
B;Business;NOWA;NOWA;ON;Overnight;R;Rate;;2;2021-10-06;0.25;N;Normal
B;Business;NOWA;NOWA;ON;Overnight;R;Rate;;2;2021-10-07;0.25;N;Normal
B;Business;NOWA;NOWA;ON;Overnight;R;Rate;;2;2021-10-08;0.25;N;Normal
B;Business;NOWA;NOWA;ON;Overnight;R;Rate;;2;2021-10-11;0.25;N;Normal
B;Business;NOWA;NOWA;ON;Overnight;R;Rate;;2;2021-10-12;0.25;N;Normal
B;Business;NOWA;NOWA;ON;Overnight;R;Rate;;2;2021-10-13;0.25;N;Normal
B;Business;NOWA;NOWA;ON;Overnight;R;Rate;;2;2021-10-14;0.25;N;Normal
B;Business;NOWA;NOWA;ON;Overnight;R;Rate;;2;2021-10-15;0.25;N;Normal
B;Business;NOWA;NOWA;ON;Overnight;R;Rate;;2;2021-10-18;0.25;N;Normal
B;Business;NOWA;NOWA;ON;Overnight;R;Rate;;2;2021-10-19;0.25;N;Normal
B;Business;NOWA;NOWA;ON;Overnight;R;Rate;;2;2021-10-20;0.25;N;Normal
B;Business;NOWA;NOWA;ON;Overnight;R;Rate;;2;2021-10-21;0.25;N;Normal
B;Business;NOWA;NOWA;ON;Overnight;R;Rate;;2;2021-10-22;0.25;N;Normal
B;Business;NOWA;NOWA;ON;Overnight;R;Rate;;2;2021-10-25;0.25;N;Normal
B;Business;NOWA;NOWA;ON;Overnight;R;Rate;;2;2021-10-26;0.25;N;Normal
B;Business;NOWA;NOWA;ON;Overnight;R;Rate;;2;2021-10-27;0.25;N;Normal
B;Business;NOWA;NOWA;ON;Overnight;R;Rate;;2;2021-10-28;0.25;N;Normal
B;Business;NOWA;NOWA;ON;Overnight;R;Rate;;2;2021-10-29;0.25;N;Normal
B;Business;NOWA;NOWA;ON;Overnight;R;Rate;;2;2021-11-01;0.25;N;Normal
B;Business;NOWA;NOWA;ON;Overnight;R;Rate;;2;2021-11-02;0.25;N;Normal
B;Business;NOWA;NOWA;ON;Overnight;R;Rate;;2;2021-11-03;0.25;N;Normal
B;Business;NOWA;NOWA;ON;Overnight;R;Rate;;2;2021-11-04;0.25;N;Normal
B;Business;NOWA;NOWA;ON;Overnight;R;Rate;;2;2021-11-05;0.25;N;Normal
B;Business;NOWA;NOWA;ON;Overnight;R;Rate;;2;2021-11-08;0.25;N;Normal
B;Business;NOWA;NOWA;ON;Overnight;R;Rate;;2;2021-11-09;0.25;N;Normal
B;Business;NOWA;NOWA;ON;Overnight;R;Rate;;2;2021-11-10;0.25;N;Normal
B;Business;NOWA;NOWA;ON;Overnight;R;Rate;;2;2021-11-11;0.25;N;Normal
B;Business;NOWA;NOWA;ON;Overnight;R;Rate;;2;2021-11-12;0.25;N;Normal
B;Business;NOWA;NOWA;ON;Overnight;R;Rate;;2;2021-11-15;0.25;N;Normal
B;Business;NOWA;NOWA;ON;Overnight;R;Rate;;2;2021-11-16;0.25;N;Normal
B;Business;NOWA;NOWA;ON;Overnight;R;Rate;;2;2021-11-17;0.25;N;Normal
B;Business;NOWA;NOWA;ON;Overnight;R;Rate;;2;2021-11-18;0.25;N;Normal
B;Business;NOWA;NOWA;ON;Overnight;R;Rate;;2;2021-11-19;0.25;N;Normal
B;Business;NOWA;NOWA;ON;Overnight;R;Rate;;2;2021-11-22;0.25;N;Normal
B;Business;NOWA;NOWA;ON;Overnight;R;Rate;;2;2021-11-23;0.25;N;Normal
B;Business;NOWA;NOWA;ON;Overnight;R;Rate;;2;2021-11-24;0.25;N;Normal
B;Business;NOWA;NOWA;ON;Overnight;R;Rate;;2;2021-11-25;0.25;N;Normal
B;Business;NOWA;NOWA;ON;Overnight;R;Rate;;2;2021-11-26;0.25;N;Normal
B;Business;NOWA;NOWA;ON;Overnight;R;Rate;;2;2021-11-29;0.25;A;Alternative method
B;Business;NOWA;NOWA;ON;Overnight;R;Rate;;2;2021-11-30;0.25;N;Normal
B;Business;NOWA;NOWA;ON;Overnight;R;Rate;;2;2021-12-01;0.25;N;Normal
B;Business;NOWA;NOWA;ON;Overnight;R;Rate;;2;2021-12-02;0.25;N;Normal
B;Business;NOWA;NOWA;ON;Overnight;R;Rate;;2;2021-12-03;0.25;N;Normal
B;Business;NOWA;NOWA;ON;Overnight;R;Rate;;2;2021-12-06;0.25;N;Normal
B;Business;NOWA;NOWA;ON;Overnight;R;Rate;;2;2021-12-07;0.25;N;Normal
B;Business;NOWA;NOWA;ON;Overnight;R;Rate;;2;2021-12-08;0.25;N;Normal
B;Business;NOWA;NOWA;ON;Overnight;R;Rate;;2;2021-12-09;0.25;N;Normal
B;Business;NOWA;NOWA;ON;Overnight;R;Rate;;2;2021-12-10;0.25;N;Normal
B;Business;NOWA;NOWA;ON;Overnight;R;Rate;;2;2021-12-13;0.25;N;Normal
B;Business;NOWA;NOWA;ON;Overnight;R;Rate;;2;2021-12-14;0.25;N;Normal
B;Business;NOWA;NOWA;ON;Overnight;R;Rate;;2;2021-12-15;0.25;N;Normal
B;Business;NOWA;NOWA;ON;Overnight;R;Rate;;2;2021-12-16;0.25;N;Normal
B;Business;NOWA;NOWA;ON;Overnight;R;Rate;;2;2021-12-17;0.5;N;Normal
B;Business;NOWA;NOWA;ON;Overnight;R;Rate;;2;2021-12-20;0.5;N;Normal
B;Business;NOWA;NOWA;ON;Overnight;R;Rate;;2;2021-12-21;0.5;N;Normal
B;Business;NOWA;NOWA;ON;Overnight;R;Rate;;2;2021-12-22;0.5;N;Normal
B;Business;NOWA;NOWA;ON;Overnight;R;Rate;;2;2021-12-23;0.5;N;Normal
B;Business;NOWA;NOWA;ON;Overnight;R;Rate;;2;2021-12-27;0.5;N;Normal
B;Business;NOWA;NOWA;ON;Overnight;R;Rate;;2;2021-12-28;0.5;N;Normal
B;Business;NOWA;NOWA;ON;Overnight;R;Rate;;2;2021-12-29;0.5;N;Normal
B;Business;NOWA;NOWA;ON;Overnight;R;Rate;;2;2021-12-30;0.5;N;Normal
B;Business;NOWA;NOWA;ON;Overnight;R;Rate;;2;2021-12-31;0.5;A;Alternative method
B;Business;NOWA;NOWA;ON;Overnight;R;Rate;;2;2022-01-03;0.5;N;Normal
B;Business;NOWA;NOWA;ON;Overnight;R;Rate;;2;2022-01-04;0.5;N;Normal
B;Business;NOWA;NOWA;ON;Overnight;R;Rate;;2;2022-01-05;0.5;N;Normal
B;Business;NOWA;NOWA;ON;Overnight;R;Rate;;2;2022-01-06;0.5;N;Normal
B;Business;NOWA;NOWA;ON;Overnight;R;Rate;;2;2022-01-07;0.5;N;Normal
B;Business;NOWA;NOWA;ON;Overnight;R;Rate;;2;2022-01-10;0.5;N;Normal
B;Business;NOWA;NOWA;ON;Overnight;R;Rate;;2;2022-01-11;0.5;N;Normal
B;Business;NOWA;NOWA;ON;Overnight;R;Rate;;2;2022-01-12;0.5;N;Normal
B;Business;NOWA;NOWA;ON;Overnight;R;Rate;;2;2022-01-13;0.5;N;Normal
B;Business;NOWA;NOWA;ON;Overnight;R;Rate;;2;2022-01-14;0.5;N;Normal
B;Business;NOWA;NOWA;ON;Overnight;R;Rate;;2;2022-01-17;0.5;N;Normal
B;Business;NOWA;NOWA;ON;Overnight;R;Rate;;2;2022-01-18;0.5;N;Normal
B;Business;NOWA;NOWA;ON;Overnight;R;Rate;;2;2022-01-19;0.5;N;Normal
B;Business;NOWA;NOWA;ON;Overnight;R;Rate;;2;2022-01-20;0.5;N;Normal
B;Business;NOWA;NOWA;ON;Overnight;R;Rate;;2;2022-01-21;0.5;N;Normal
B;Business;NOWA;NOWA;ON;Overnight;R;Rate;;2;2022-01-24;0.5;N;Normal
B;Business;NOWA;NOWA;ON;Overnight;R;Rate;;2;2022-01-25;0.5;N;Normal
B;Business;NOWA;NOWA;ON;Overnight;R;Rate;;2;2022-01-26;0.5;N;Normal
B;Business;NOWA;NOWA;ON;Overnight;R;Rate;;2;2022-01-27;0.5;N;Normal
B;Business;NOWA;NOWA;ON;Overnight;R;Rate;;2;2022-01-28;0.5;N;Normal
B;Business;NOWA;NOWA;ON;Overnight;R;Rate;;2;2022-01-31;0.5;N;Normal
B;Business;NOWA;NOWA;ON;Overnight;R;Rate;;2;2022-02-01;0.5;N;Normal
B;Business;NOWA;NOWA;ON;Overnight;R;Rate;;2;2022-02-02;0.5;N;Normal
B;Business;NOWA;NOWA;ON;Overnight;R;Rate;;2;2022-02-03;0.5;N;Normal
B;Business;NOWA;NOWA;ON;Overnight;R;Rate;;2;2022-02-04;0.5;N;Normal
B;Business;NOWA;NOWA;ON;Overnight;R;Rate;;2;2022-02-07;0.5;N;Normal
B;Business;NOWA;NOWA;ON;Overnight;R;Rate;;2;2022-02-08;0.5;N;Normal
B;Business;NOWA;NOWA;ON;Overnight;R;Rate;;2;2022-02-09;0.5;N;Normal
B;Business;NOWA;NOWA;ON;Overnight;R;Rate;;2;2022-02-10;0.5;N;Normal
B;Business;NOWA;NOWA;ON;Overnight;R;Rate;;2;2022-02-11;0.5;N;Normal
B;Business;NOWA;NOWA;ON;Overnight;R;Rate;;2;2022-02-14;0.5;N;Normal
B;Business;NOWA;NOWA;ON;Overnight;R;Rate;;2;2022-02-15;0.5;N;Normal
B;Business;NOWA;NOWA;ON;Overnight;R;Rate;;2;2022-02-16;0.5;N;Normal
B;Business;NOWA;NOWA;ON;Overnight;R;Rate;;2;2022-02-17;0.5;N;Normal
B;Business;NOWA;NOWA;ON;Overnight;R;Rate;;2;2022-02-18;0.5;N;Normal
B;Business;NOWA;NOWA;ON;Overnight;R;Rate;;2;2022-02-21;0.5;N;Normal
B;Business;NOWA;NOWA;ON;Overnight;R;Rate;;2;2022-02-22;0.5;N;Normal
B;Business;NOWA;NOWA;ON;Overnight;R;Rate;;2;2022-02-23;0.5;N;Normal
B;Business;NOWA;NOWA;ON;Overnight;R;Rate;;2;2022-02-24;0.5;N;Normal
B;Business;NOWA;NOWA;ON;Overnight;R;Rate;;2;2022-02-25;0.5;N;Normal
B;Business;NOWA;NOWA;ON;Overnight;R;Rate;;2;2022-02-28;0.5;N;Normal
B;Business;NOWA;NOWA;ON;Overnight;R;Rate;;2;2022-03-01;0.5;N;Normal
B;Business;NOWA;NOWA;ON;Overnight;R;Rate;;2;2022-03-02;0.5;N;Normal
B;Business;NOWA;NOWA;ON;Overnight;R;Rate;;2;2022-03-03;0.5;N;Normal
B;Business;NOWA;NOWA;ON;Overnight;R;Rate;;2;2022-03-04;0.5;N;Normal
B;Business;NOWA;NOWA;ON;Overnight;R;Rate;;2;2022-03-07;0.5;N;Normal
B;Business;NOWA;NOWA;ON;Overnight;R;Rate;;2;2022-03-08;0.5;N;Normal
B;Business;NOWA;NOWA;ON;Overnight;R;Rate;;2;2022-03-09;0.5;N;Normal
B;Business;NOWA;NOWA;ON;Overnight;R;Rate;;2;2022-03-10;0.5;N;Normal
B;Business;NOWA;NOWA;ON;Overnight;R;Rate;;2;2022-03-11;0.5;N;Normal
B;Business;NOWA;NOWA;ON;Overnight;R;Rate;;2;2022-03-14;0.5;N;Normal
B;Business;NOWA;NOWA;ON;Overnight;R;Rate;;2;2022-03-15;0.5;N;Normal
B;Business;NOWA;NOWA;ON;Overnight;R;Rate;;2;2022-03-16;0.5;N;Normal
B;Business;NOWA;NOWA;ON;Overnight;R;Rate;;2;2022-03-17;0.5;N;Normal
B;Business;NOWA;NOWA;ON;Overnight;R;Rate;;2;2022-03-18;0.5;N;Normal
B;Business;NOWA;NOWA;ON;Overnight;R;Rate;;2;2022-03-21;0.5;N;Normal
B;Business;NOWA;NOWA;ON;Overnight;R;Rate;;2;2022-03-22;0.5;N;Normal
B;Business;NOWA;NOWA;ON;Overnight;R;Rate;;2;2022-03-23;0.5;N;Normal
B;Business;NOWA;NOWA;ON;Overnight;R;Rate;;2;2022-03-24;0.5;N;Normal
B;Business;NOWA;NOWA;ON;Overnight;R;Rate;;2;2022-03-25;0.75;N;Normal
B;Business;NOWA;NOWA;ON;Overnight;R;Rate;;2;2022-03-28;0.75;N;Normal
B;Business;NOWA;NOWA;ON;Overnight;R;Rate;;2;2022-03-29;0.75;N;Normal
B;Business;NOWA;NOWA;ON;Overnight;R;Rate;;2;2022-03-30;0.75;N;Normal
B;Business;NOWA;NOWA;ON;Overnight;R;Rate;;2;2022-03-31;0.75;N;Normal
B;Business;NOWA;NOWA;ON;Overnight;R;Rate;;2;2022-04-01;0.75;N;Normal
B;Business;NOWA;NOWA;ON;Overnight;R;Rate;;2;2022-04-04;0.75;N;Normal
B;Business;NOWA;NOWA;ON;Overnight;R;Rate;;2;2022-04-05;0.75;N;Normal
B;Business;NOWA;NOWA;ON;Overnight;R;Rate;;2;2022-04-06;0.75;N;Normal
B;Business;NOWA;NOWA;ON;Overnight;R;Rate;;2;2022-04-07;0.75;N;Normal
B;Business;NOWA;NOWA;ON;Overnight;R;Rate;;2;2022-04-08;0.75;N;Normal
B;Business;NOWA;NOWA;ON;Overnight;R;Rate;;2;2022-04-11;0.75;A;Alternative method
B;Business;NOWA;NOWA;ON;Overnight;R;Rate;;2;2022-04-12;0.75;N;Normal
B;Business;NOWA;NOWA;ON;Overnight;R;Rate;;2;2022-04-13;0.75;N;Normal
B;Business;NOWA;NOWA;ON;Overnight;R;Rate;;2;2022-04-19;0.75;N;Normal
B;Business;NOWA;NOWA;ON;Overnight;R;Rate;;2;2022-04-20;0.75;N;Normal
B;Business;NOWA;NOWA;ON;Overnight;R;Rate;;2;2022-04-21;0.75;N;Normal
B;Business;NOWA;NOWA;ON;Overnight;R;Rate;;2;2022-04-22;0.75;N;Normal
B;Business;NOWA;NOWA;ON;Overnight;R;Rate;;2;2022-04-25;0.75;N;Normal
B;Business;NOWA;NOWA;ON;Overnight;R;Rate;;2;2022-04-26;0.75;N;Normal
B;Business;NOWA;NOWA;ON;Overnight;R;Rate;;2;2022-04-27;0.75;N;Normal
B;Business;NOWA;NOWA;ON;Overnight;R;Rate;;2;2022-04-28;0.75;N;Normal
B;Business;NOWA;NOWA;ON;Overnight;R;Rate;;2;2022-04-29;0.75;N;Normal
B;Business;NOWA;NOWA;ON;Overnight;R;Rate;;2;2022-05-02;0.75;N;Normal
B;Business;NOWA;NOWA;ON;Overnight;R;Rate;;2;2022-05-03;0.75;N;Normal
B;Business;NOWA;NOWA;ON;Overnight;R;Rate;;2;2022-05-04;0.75;N;Normal
B;Business;NOWA;NOWA;ON;Overnight;R;Rate;;2;2022-05-05;0.75;N;Normal
B;Business;NOWA;NOWA;ON;Overnight;R;Rate;;2;2022-05-06;0.75;N;Normal
B;Business;NOWA;NOWA;ON;Overnight;R;Rate;;2;2022-05-09;0.75;N;Normal
B;Business;NOWA;NOWA;ON;Overnight;R;Rate;;2;2022-05-10;0.75;N;Normal
B;Business;NOWA;NOWA;ON;Overnight;R;Rate;;2;2022-05-11;0.75;N;Normal
B;Business;NOWA;NOWA;ON;Overnight;R;Rate;;2;2022-05-12;0.75;N;Normal
B;Business;NOWA;NOWA;ON;Overnight;R;Rate;;2;2022-05-13;0.75;N;Normal
B;Business;NOWA;NOWA;ON;Overnight;R;Rate;;2;2022-05-16;0.75;N;Normal
B;Business;NOWA;NOWA;ON;Overnight;R;Rate;;2;2022-05-18;0.75;N;Normal
B;Business;NOWA;NOWA;ON;Overnight;R;Rate;;2;2022-05-19;0.75;N;Normal
B;Business;NOWA;NOWA;ON;Overnight;R;Rate;;2;2022-05-20;0.75;N;Normal
B;Business;NOWA;NOWA;ON;Overnight;R;Rate;;2;2022-05-23;0.75;N;Normal
B;Business;NOWA;NOWA;ON;Overnight;R;Rate;;2;2022-05-24;0.75;N;Normal
B;Business;NOWA;NOWA;ON;Overnight;R;Rate;;2;2022-05-25;0.75;N;Normal
B;Business;NOWA;NOWA;ON;Overnight;R;Rate;;2;2022-05-27;0.75;N;Normal
B;Business;NOWA;NOWA;ON;Overnight;R;Rate;;2;2022-05-30;0.75;N;Normal
B;Business;NOWA;NOWA;ON;Overnight;R;Rate;;2;2022-05-31;0.75;N;Normal
B;Business;NOWA;NOWA;ON;Overnight;R;Rate;;2;2022-06-01;0.75;N;Normal
B;Business;NOWA;NOWA;ON;Overnight;R;Rate;;2;2022-06-02;0.75;N;Normal
B;Business;NOWA;NOWA;ON;Overnight;R;Rate;;2;2022-06-03;0.75;N;Normal
B;Business;NOWA;NOWA;ON;Overnight;R;Rate;;2;2022-06-07;0.75;N;Normal
B;Business;NOWA;NOWA;ON;Overnight;R;Rate;;2;2022-06-08;0.75;N;Normal
B;Business;NOWA;NOWA;ON;Overnight;R;Rate;;2;2022-06-09;0.75;N;Normal
B;Business;NOWA;NOWA;ON;Overnight;R;Rate;;2;2022-06-10;0.75;N;Normal
B;Business;NOWA;NOWA;ON;Overnight;R;Rate;;2;2022-06-13;0.75;N;Normal
B;Business;NOWA;NOWA;ON;Overnight;R;Rate;;2;2022-06-14;0.75;N;Normal
B;Business;NOWA;NOWA;ON;Overnight;R;Rate;;2;2022-06-15;0.75;N;Normal
B;Business;NOWA;NOWA;ON;Overnight;R;Rate;;2;2022-06-16;0.75;N;Normal
B;Business;NOWA;NOWA;ON;Overnight;R;Rate;;2;2022-06-17;0.75;N;Normal
B;Business;NOWA;NOWA;ON;Overnight;R;Rate;;2;2022-06-20;0.75;N;Normal
B;Business;NOWA;NOWA;ON;Overnight;R;Rate;;2;2022-06-21;0.75;N;Normal
B;Business;NOWA;NOWA;ON;Overnight;R;Rate;;2;2022-06-22;0.75;N;Normal
B;Business;NOWA;NOWA;ON;Overnight;R;Rate;;2;2022-06-23;0.75;N;Normal
B;Business;NOWA;NOWA;ON;Overnight;R;Rate;;2;2022-06-24;1.25;N;Normal
B;Business;NOWA;NOWA;ON;Overnight;R;Rate;;2;2022-06-27;1.25;N;Normal
B;Business;NOWA;NOWA;ON;Overnight;R;Rate;;2;2022-06-28;1.25;N;Normal
B;Business;NOWA;NOWA;ON;Overnight;R;Rate;;2;2022-06-29;1.25;N;Normal
B;Business;NOWA;NOWA;ON;Overnight;R;Rate;;2;2022-06-30;1.25;N;Normal
B;Business;NOWA;NOWA;ON;Overnight;R;Rate;;2;2022-07-01;1.25;N;Normal
B;Business;NOWA;NOWA;ON;Overnight;R;Rate;;2;2022-07-04;1.25;N;Normal
B;Business;NOWA;NOWA;ON;Overnight;R;Rate;;2;2022-07-05;1.25;N;Normal
B;Business;NOWA;NOWA;ON;Overnight;R;Rate;;2;2022-07-06;1.25;N;Normal
B;Business;NOWA;NOWA;ON;Overnight;R;Rate;;2;2022-07-07;1.25;N;Normal
B;Business;NOWA;NOWA;ON;Overnight;R;Rate;;2;2022-07-08;1.25;N;Normal
B;Business;NOWA;NOWA;ON;Overnight;R;Rate;;2;2022-07-11;1.25;N;Normal
B;Business;NOWA;NOWA;ON;Overnight;R;Rate;;2;2022-07-12;1.25;N;Normal
B;Business;NOWA;NOWA;ON;Overnight;R;Rate;;2;2022-07-13;1.25;N;Normal
B;Business;NOWA;NOWA;ON;Overnight;R;Rate;;2;2022-07-14;1.25;N;Normal
B;Business;NOWA;NOWA;ON;Overnight;R;Rate;;2;2022-07-15;1.25;N;Normal
B;Business;NOWA;NOWA;ON;Overnight;R;Rate;;2;2022-07-18;1.25;N;Normal
B;Business;NOWA;NOWA;ON;Overnight;R;Rate;;2;2022-07-19;1.25;N;Normal
B;Business;NOWA;NOWA;ON;Overnight;R;Rate;;2;2022-07-20;1.25;N;Normal
B;Business;NOWA;NOWA;ON;Overnight;R;Rate;;2;2022-07-21;1.25;N;Normal
B;Business;NOWA;NOWA;ON;Overnight;R;Rate;;2;2022-07-22;1.25;N;Normal
B;Business;NOWA;NOWA;ON;Overnight;R;Rate;;2;2022-07-25;1.25;N;Normal
B;Business;NOWA;NOWA;ON;Overnight;R;Rate;;2;2022-07-26;1.25;N;Normal
B;Business;NOWA;NOWA;ON;Overnight;R;Rate;;2;2022-07-27;1.25;N;Normal
B;Business;NOWA;NOWA;ON;Overnight;R;Rate;;2;2022-07-28;1.25;N;Normal
B;Business;NOWA;NOWA;ON;Overnight;R;Rate;;2;2022-07-29;1.25;N;Normal
B;Business;NOWA;NOWA;ON;Overnight;R;Rate;;2;2022-08-01;1.25;N;Normal
B;Business;NOWA;NOWA;ON;Overnight;R;Rate;;2;2022-08-02;1.25;N;Normal
B;Business;NOWA;NOWA;ON;Overnight;R;Rate;;2;2022-08-03;1.25;N;Normal
B;Business;NOWA;NOWA;ON;Overnight;R;Rate;;2;2022-08-04;1.25;N;Normal
B;Business;NOWA;NOWA;ON;Overnight;R;Rate;;2;2022-08-05;1.25;N;Normal
B;Business;NOWA;NOWA;ON;Overnight;R;Rate;;2;2022-08-08;1.25;N;Normal
B;Business;NOWA;NOWA;ON;Overnight;R;Rate;;2;2022-08-09;1.25;N;Normal
B;Business;NOWA;NOWA;ON;Overnight;R;Rate;;2;2022-08-10;1.25;N;Normal
B;Business;NOWA;NOWA;ON;Overnight;R;Rate;;2;2022-08-11;1.25;A;Alternative method
B;Business;NOWA;NOWA;ON;Overnight;R;Rate;;2;2022-08-12;1.25;N;Normal
B;Business;NOWA;NOWA;ON;Overnight;R;Rate;;2;2022-08-15;1.25;N;Normal
B;Business;NOWA;NOWA;ON;Overnight;R;Rate;;2;2022-08-16;1.25;N;Normal
B;Business;NOWA;NOWA;ON;Overnight;R;Rate;;2;2022-08-17;1.25;N;Normal
B;Business;NOWA;NOWA;ON;Overnight;R;Rate;;2;2022-08-18;1.25;N;Normal
B;Business;NOWA;NOWA;ON;Overnight;R;Rate;;2;2022-08-19;1.75;N;Normal
B;Business;NOWA;NOWA;ON;Overnight;R;Rate;;2;2022-08-22;1.75;N;Normal
B;Business;NOWA;NOWA;ON;Overnight;R;Rate;;2;2022-08-23;1.75;N;Normal
B;Business;NOWA;NOWA;ON;Overnight;R;Rate;;2;2022-08-24;1.75;N;Normal
B;Business;NOWA;NOWA;ON;Overnight;R;Rate;;2;2022-08-25;1.75;N;Normal
B;Business;NOWA;NOWA;ON;Overnight;R;Rate;;2;2022-08-26;1.75;N;Normal
B;Business;NOWA;NOWA;ON;Overnight;R;Rate;;2;2022-08-29;1.75;N;Normal
B;Business;NOWA;NOWA;ON;Overnight;R;Rate;;2;2022-08-30;1.75;N;Normal
B;Business;NOWA;NOWA;ON;Overnight;R;Rate;;2;2022-08-31;1.75;N;Normal
B;Business;NOWA;NOWA;ON;Overnight;R;Rate;;2;2022-09-01;1.75;N;Normal
B;Business;NOWA;NOWA;ON;Overnight;R;Rate;;2;2022-09-02;1.75;N;Normal
B;Business;NOWA;NOWA;ON;Overnight;R;Rate;;2;2022-09-05;1.75;N;Normal
B;Business;NOWA;NOWA;ON;Overnight;R;Rate;;2;2022-09-06;1.75;N;Normal
B;Business;NOWA;NOWA;ON;Overnight;R;Rate;;2;2022-09-07;1.75;N;Normal
B;Business;NOWA;NOWA;ON;Overnight;R;Rate;;2;2022-09-08;1.75;N;Normal
B;Business;NOWA;NOWA;ON;Overnight;R;Rate;;2;2022-09-09;1.75;N;Normal
B;Business;NOWA;NOWA;ON;Overnight;R;Rate;;2;2022-09-12;1.75;N;Normal
B;Business;NOWA;NOWA;ON;Overnight;R;Rate;;2;2022-09-13;1.75;N;Normal
B;Business;NOWA;NOWA;ON;Overnight;R;Rate;;2;2022-09-14;1.75;N;Normal
B;Business;NOWA;NOWA;ON;Overnight;R;Rate;;2;2022-09-15;1.75;N;Normal
B;Business;NOWA;NOWA;ON;Overnight;R;Rate;;2;2022-09-16;1.75;N;Normal
B;Business;NOWA;NOWA;ON;Overnight;R;Rate;;2;2022-09-19;1.75;N;Normal
B;Business;NOWA;NOWA;ON;Overnight;R;Rate;;2;2022-09-20;1.75;N;Normal
B;Business;NOWA;NOWA;ON;Overnight;R;Rate;;2;2022-09-21;1.75;N;Normal
B;Business;NOWA;NOWA;ON;Overnight;R;Rate;;2;2022-09-22;1.75;N;Normal
B;Business;NOWA;NOWA;ON;Overnight;R;Rate;;2;2022-09-23;2.25;N;Normal
B;Business;NOWA;NOWA;ON;Overnight;R;Rate;;2;2022-09-26;2.25;N;Normal
B;Business;NOWA;NOWA;ON;Overnight;R;Rate;;2;2022-09-27;2.25;N;Normal
B;Business;NOWA;NOWA;ON;Overnight;R;Rate;;2;2022-09-28;2.25;N;Normal
B;Business;NOWA;NOWA;ON;Overnight;R;Rate;;2;2022-09-29;2.25;N;Normal
B;Business;NOWA;NOWA;ON;Overnight;R;Rate;;2;2022-09-30;2.27;A;Alternative method
B;Business;NOWA;NOWA;ON;Overnight;R;Rate;;2;2022-10-03;2.3;N;Normal
B;Business;NOWA;NOWA;ON;Overnight;R;Rate;;2;2022-10-04;2.25;N;Normal
B;Business;NOWA;NOWA;ON;Overnight;R;Rate;;2;2022-10-05;2.25;N;Normal
B;Business;NOWA;NOWA;ON;Overnight;R;Rate;;2;2022-10-06;2.25;N;Normal
B;Business;NOWA;NOWA;ON;Overnight;R;Rate;;2;2022-10-07;2.25;N;Normal
B;Business;NOWA;NOWA;ON;Overnight;R;Rate;;2;2022-10-10;2.25;N;Normal
B;Business;NOWA;NOWA;ON;Overnight;R;Rate;;2;2022-10-11;2.25;N;Normal
B;Business;NOWA;NOWA;ON;Overnight;R;Rate;;2;2022-10-12;2.25;N;Normal
B;Business;NOWA;NOWA;ON;Overnight;R;Rate;;2;2022-10-13;2.25;N;Normal
B;Business;NOWA;NOWA;ON;Overnight;R;Rate;;2;2022-10-14;2.25;N;Normal
B;Business;NOWA;NOWA;ON;Overnight;R;Rate;;2;2022-10-17;2.25;N;Normal
B;Business;NOWA;NOWA;ON;Overnight;R;Rate;;2;2022-10-18;2.25;N;Normal
B;Business;NOWA;NOWA;ON;Overnight;R;Rate;;2;2022-10-19;2.25;N;Normal
B;Business;NOWA;NOWA;ON;Overnight;R;Rate;;2;2022-10-20;2.25;N;Normal
B;Business;NOWA;NOWA;ON;Overnight;R;Rate;;2;2022-10-21;2.25;N;Normal
B;Business;NOWA;NOWA;ON;Overnight;R;Rate;;2;2022-10-24;2.25;N;Normal
B;Business;NOWA;NOWA;ON;Overnight;R;Rate;;2;2022-10-25;2.25;N;Normal
B;Business;NOWA;NOWA;ON;Overnight;R;Rate;;2;2022-10-26;2.25;N;Normal
B;Business;NOWA;NOWA;ON;Overnight;R;Rate;;2;2022-10-27;2.25;N;Normal
B;Business;NOWA;NOWA;ON;Overnight;R;Rate;;2;2022-10-28;2.25;N;Normal
B;Business;NOWA;NOWA;ON;Overnight;R;Rate;;2;2022-10-31;2.25;N;Normal
B;Business;NOWA;NOWA;ON;Overnight;R;Rate;;2;2022-11-01;2.25;N;Normal
B;Business;NOWA;NOWA;ON;Overnight;R;Rate;;2;2022-11-02;2.25;N;Normal
B;Business;NOWA;NOWA;ON;Overnight;R;Rate;;2;2022-11-03;2.25;N;Normal
B;Business;NOWA;NOWA;ON;Overnight;R;Rate;;2;2022-11-04;2.5;N;Normal
B;Business;NOWA;NOWA;ON;Overnight;R;Rate;;2;2022-11-07;2.5;N;Normal
B;Business;NOWA;NOWA;ON;Overnight;R;Rate;;2;2022-11-08;2.5;N;Normal
B;Business;NOWA;NOWA;ON;Overnight;R;Rate;;2;2022-11-09;2.5;N;Normal
B;Business;NOWA;NOWA;ON;Overnight;R;Rate;;2;2022-11-10;2.5;N;Normal
B;Business;NOWA;NOWA;ON;Overnight;R;Rate;;2;2022-11-11;2.5;N;Normal
B;Business;NOWA;NOWA;ON;Overnight;R;Rate;;2;2022-11-14;2.5;N;Normal
B;Business;NOWA;NOWA;ON;Overnight;R;Rate;;2;2022-11-15;2.5;N;Normal
B;Business;NOWA;NOWA;ON;Overnight;R;Rate;;2;2022-11-16;2.5;N;Normal
B;Business;NOWA;NOWA;ON;Overnight;R;Rate;;2;2022-11-17;2.5;N;Normal
B;Business;NOWA;NOWA;ON;Overnight;R;Rate;;2;2022-11-18;2.5;N;Normal
B;Business;NOWA;NOWA;ON;Overnight;R;Rate;;2;2022-11-21;2.5;N;Normal
B;Business;NOWA;NOWA;ON;Overnight;R;Rate;;2;2022-11-22;2.5;N;Normal
B;Business;NOWA;NOWA;ON;Overnight;R;Rate;;2;2022-11-23;2.5;N;Normal
B;Business;NOWA;NOWA;ON;Overnight;R;Rate;;2;2022-11-24;2.5;N;Normal
B;Business;NOWA;NOWA;ON;Overnight;R;Rate;;2;2022-11-25;2.5;N;Normal
B;Business;NOWA;NOWA;ON;Overnight;R;Rate;;2;2022-11-28;2.5;N;Normal
B;Business;NOWA;NOWA;ON;Overnight;R;Rate;;2;2022-11-29;2.5;N;Normal
B;Business;NOWA;NOWA;ON;Overnight;R;Rate;;2;2022-11-30;2.5;N;Normal
B;Business;NOWA;NOWA;ON;Overnight;R;Rate;;2;2022-12-01;2.5;N;Normal
B;Business;NOWA;NOWA;ON;Overnight;R;Rate;;2;2022-12-02;2.5;N;Normal
B;Business;NOWA;NOWA;ON;Overnight;R;Rate;;2;2022-12-05;2.5;N;Normal
B;Business;NOWA;NOWA;ON;Overnight;R;Rate;;2;2022-12-06;2.5;N;Normal
B;Business;NOWA;NOWA;ON;Overnight;R;Rate;;2;2022-12-07;2.5;N;Normal
B;Business;NOWA;NOWA;ON;Overnight;R;Rate;;2;2022-12-08;2.5;N;Normal
B;Business;NOWA;NOWA;ON;Overnight;R;Rate;;2;2022-12-09;2.5;N;Normal
B;Business;NOWA;NOWA;ON;Overnight;R;Rate;;2;2022-12-12;2.5;N;Normal
B;Business;NOWA;NOWA;ON;Overnight;R;Rate;;2;2022-12-13;2.5;N;Normal
B;Business;NOWA;NOWA;ON;Overnight;R;Rate;;2;2022-12-14;2.5;N;Normal
B;Business;NOWA;NOWA;ON;Overnight;R;Rate;;2;2022-12-15;2.5;N;Normal
B;Business;NOWA;NOWA;ON;Overnight;R;Rate;;2;2022-12-16;2.75;N;Normal
B;Business;NOWA;NOWA;ON;Overnight;R;Rate;;2;2022-12-19;2.75;N;Normal
B;Business;NOWA;NOWA;ON;Overnight;R;Rate;;2;2022-12-20;2.75;N;Normal
B;Business;NOWA;NOWA;ON;Overnight;R;Rate;;2;2022-12-21;2.75;N;Normal
B;Business;NOWA;NOWA;ON;Overnight;R;Rate;;2;2022-12-22;2.75;N;Normal
B;Business;NOWA;NOWA;ON;Overnight;R;Rate;;2;2022-12-23;2.75;N;Normal
B;Business;NOWA;NOWA;ON;Overnight;R;Rate;;2;2022-12-27;2.75;N;Normal
B;Business;NOWA;NOWA;ON;Overnight;R;Rate;;2;2022-12-28;2.75;N;Normal
B;Business;NOWA;NOWA;ON;Overnight;R;Rate;;2;2022-12-29;2.75;N;Normal
B;Business;NOWA;NOWA;ON;Overnight;R;Rate;;2;2022-12-30;2.75;A;Alternative method
B;Business;NOWA;NOWA;ON;Overnight;R;Rate;;2;2023-01-02;2.75;N;Normal
B;Business;NOWA;NOWA;ON;Overnight;R;Rate;;2;2023-01-03;2.75;N;Normal
B;Business;NOWA;NOWA;ON;Overnight;R;Rate;;2;2023-01-04;2.75;N;Normal
B;Business;NOWA;NOWA;ON;Overnight;R;Rate;;2;2023-01-05;2.75;N;Normal
B;Business;NOWA;NOWA;ON;Overnight;R;Rate;;2;2023-01-06;2.75;N;Normal
B;Business;NOWA;NOWA;ON;Overnight;R;Rate;;2;2023-01-09;2.75;N;Normal
B;Business;NOWA;NOWA;ON;Overnight;R;Rate;;2;2023-01-10;2.75;N;Normal
B;Business;NOWA;NOWA;ON;Overnight;R;Rate;;2;2023-01-11;2.75;N;Normal
B;Business;NOWA;NOWA;ON;Overnight;R;Rate;;2;2023-01-12;2.75;N;Normal
B;Business;NOWA;NOWA;ON;Overnight;R;Rate;;2;2023-01-13;2.75;N;Normal
B;Business;NOWA;NOWA;ON;Overnight;R;Rate;;2;2023-01-16;2.75;N;Normal
B;Business;NOWA;NOWA;ON;Overnight;R;Rate;;2;2023-01-17;2.75;N;Normal
B;Business;NOWA;NOWA;ON;Overnight;R;Rate;;2;2023-01-18;2.75;N;Normal
B;Business;NOWA;NOWA;ON;Overnight;R;Rate;;2;2023-01-19;2.75;N;Normal
B;Business;NOWA;NOWA;ON;Overnight;R;Rate;;2;2023-01-20;2.75;N;Normal
B;Business;NOWA;NOWA;ON;Overnight;R;Rate;;2;2023-01-23;2.75;N;Normal
B;Business;NOWA;NOWA;ON;Overnight;R;Rate;;2;2023-01-24;2.75;N;Normal
B;Business;NOWA;NOWA;ON;Overnight;R;Rate;;2;2023-01-25;2.75;N;Normal
B;Business;NOWA;NOWA;ON;Overnight;R;Rate;;2;2023-01-26;2.75;N;Normal
B;Business;NOWA;NOWA;ON;Overnight;R;Rate;;2;2023-01-27;2.75;N;Normal
B;Business;NOWA;NOWA;ON;Overnight;R;Rate;;2;2023-01-30;2.75;N;Normal
B;Business;NOWA;NOWA;ON;Overnight;R;Rate;;2;2023-01-31;2.75;N;Normal
B;Business;NOWA;NOWA;ON;Overnight;R;Rate;;2;2023-02-01;2.75;N;Normal
B;Business;NOWA;NOWA;ON;Overnight;R;Rate;;2;2023-02-02;2.75;N;Normal
B;Business;NOWA;NOWA;ON;Overnight;R;Rate;;2;2023-02-03;2.75;N;Normal
B;Business;NOWA;NOWA;ON;Overnight;R;Rate;;2;2023-02-06;2.75;N;Normal
B;Business;NOWA;NOWA;ON;Overnight;R;Rate;;2;2023-02-07;2.75;N;Normal
B;Business;NOWA;NOWA;ON;Overnight;R;Rate;;2;2023-02-08;2.75;N;Normal
B;Business;NOWA;NOWA;ON;Overnight;R;Rate;;2;2023-02-09;2.75;N;Normal
B;Business;NOWA;NOWA;ON;Overnight;R;Rate;;2;2023-02-10;2.75;N;Normal
B;Business;NOWA;NOWA;ON;Overnight;R;Rate;;2;2023-02-13;2.75;N;Normal
B;Business;NOWA;NOWA;ON;Overnight;R;Rate;;2;2023-02-14;2.75;N;Normal
B;Business;NOWA;NOWA;ON;Overnight;R;Rate;;2;2023-02-15;2.75;N;Normal
B;Business;NOWA;NOWA;ON;Overnight;R;Rate;;2;2023-02-16;2.75;N;Normal
B;Business;NOWA;NOWA;ON;Overnight;R;Rate;;2;2023-02-17;2.75;N;Normal
B;Business;NOWA;NOWA;ON;Overnight;R;Rate;;2;2023-02-20;2.75;N;Normal
B;Business;NOWA;NOWA;ON;Overnight;R;Rate;;2;2023-02-21;2.75;N;Normal
B;Business;NOWA;NOWA;ON;Overnight;R;Rate;;2;2023-02-22;2.75;N;Normal
B;Business;NOWA;NOWA;ON;Overnight;R;Rate;;2;2023-02-23;2.75;N;Normal
B;Business;NOWA;NOWA;ON;Overnight;R;Rate;;2;2023-02-24;2.75;N;Normal
B;Business;NOWA;NOWA;ON;Overnight;R;Rate;;2;2023-02-27;2.75;N;Normal
B;Business;NOWA;NOWA;ON;Overnight;R;Rate;;2;2023-02-28;2.75;N;Normal
B;Business;NOWA;NOWA;ON;Overnight;R;Rate;;2;2023-03-01;2.75;N;Normal
B;Business;NOWA;NOWA;ON;Overnight;R;Rate;;2;2023-03-02;2.75;N;Normal
B;Business;NOWA;NOWA;ON;Overnight;R;Rate;;2;2023-03-03;2.75;N;Normal
B;Business;NOWA;NOWA;ON;Overnight;R;Rate;;2;2023-03-06;2.75;N;Normal
B;Business;NOWA;NOWA;ON;Overnight;R;Rate;;2;2023-03-07;2.75;N;Normal
B;Business;NOWA;NOWA;ON;Overnight;R;Rate;;2;2023-03-08;2.75;N;Normal
B;Business;NOWA;NOWA;ON;Overnight;R;Rate;;2;2023-03-09;2.75;N;Normal
B;Business;NOWA;NOWA;ON;Overnight;R;Rate;;2;2023-03-10;2.75;N;Normal
B;Business;NOWA;NOWA;ON;Overnight;R;Rate;;2;2023-03-13;2.75;N;Normal
B;Business;NOWA;NOWA;ON;Overnight;R;Rate;;2;2023-03-14;2.75;N;Normal
B;Business;NOWA;NOWA;ON;Overnight;R;Rate;;2;2023-03-15;2.75;N;Normal
B;Business;NOWA;NOWA;ON;Overnight;R;Rate;;2;2023-03-16;2.75;N;Normal
B;Business;NOWA;NOWA;ON;Overnight;R;Rate;;2;2023-03-17;2.75;N;Normal
B;Business;NOWA;NOWA;ON;Overnight;R;Rate;;2;2023-03-20;2.75;N;Normal
B;Business;NOWA;NOWA;ON;Overnight;R;Rate;;2;2023-03-21;2.75;N;Normal
B;Business;NOWA;NOWA;ON;Overnight;R;Rate;;2;2023-03-22;2.75;N;Normal
B;Business;NOWA;NOWA;ON;Overnight;R;Rate;;2;2023-03-23;2.75;N;Normal
B;Business;NOWA;NOWA;ON;Overnight;R;Rate;;2;2023-03-24;3;N;Normal
B;Business;NOWA;NOWA;ON;Overnight;R;Rate;;2;2023-03-27;3;N;Normal
B;Business;NOWA;NOWA;ON;Overnight;R;Rate;;2;2023-03-28;3;N;Normal
B;Business;NOWA;NOWA;ON;Overnight;R;Rate;;2;2023-03-29;3;N;Normal
B;Business;NOWA;NOWA;ON;Overnight;R;Rate;;2;2023-03-30;3;N;Normal
B;Business;NOWA;NOWA;ON;Overnight;R;Rate;;2;2023-03-31;3;A;Alternative method
B;Business;NOWA;NOWA;ON;Overnight;R;Rate;;2;2023-04-03;3;N;Normal
B;Business;NOWA;NOWA;ON;Overnight;R;Rate;;2;2023-04-04;3;N;Normal
B;Business;NOWA;NOWA;ON;Overnight;R;Rate;;2;2023-04-05;3;N;Normal
B;Business;NOWA;NOWA;ON;Overnight;R;Rate;;2;2023-04-11;3;N;Normal
B;Business;NOWA;NOWA;ON;Overnight;R;Rate;;2;2023-04-12;3;N;Normal
B;Business;NOWA;NOWA;ON;Overnight;R;Rate;;2;2023-04-13;3;N;Normal
B;Business;NOWA;NOWA;ON;Overnight;R;Rate;;2;2023-04-14;3;N;Normal
B;Business;NOWA;NOWA;ON;Overnight;R;Rate;;2;2023-04-17;3;N;Normal
B;Business;NOWA;NOWA;ON;Overnight;R;Rate;;2;2023-04-18;3;N;Normal
B;Business;NOWA;NOWA;ON;Overnight;R;Rate;;2;2023-04-19;3;N;Normal
B;Business;NOWA;NOWA;ON;Overnight;R;Rate;;2;2023-04-20;3;N;Normal
B;Business;NOWA;NOWA;ON;Overnight;R;Rate;;2;2023-04-21;3;N;Normal
B;Business;NOWA;NOWA;ON;Overnight;R;Rate;;2;2023-04-24;3;N;Normal
